name,n_images,mean_rel,inner_mean_rel,max_rel
baseline,12,54.46957169308013,36.61120880936621,353117.054973703
seed (2R+4P),6,31.40953141867919,26.93287732702711,242678.1921256839
trial003,6,19.32201130614231,18.180891604735304,155023.0265974587
trial02 (hi-res),6,5.393999562212118,7.353864916892917,22487.10945862872
