z,mean_rel,inner_mean_rel,max_rel
0.4,7.491638863862438,11.411429799100985,28249.24206204296
0.5,7.290473752406813,17.78441733007571,31794.042040998072
0.6,7.467518809717343,14.531227935492593,20767.196535060622
0.7,5.51391442837005,7.370997596993729,23110.78409225047
0.8,10.30366910142194,13.212549988429718,75968.63277835023
0.9,7.140908922754886,14.612400140539366,24221.96916383447
